phase,context,init_name,init_mode,partial_init_mode,broyden_iterations,miou,notes
phase0_global,2f,zero,zero,,1,0.0218,global zero initialization
phase0_global,2f,zero,zero,,2,0.1065,global zero initialization
phase0_global,2f,zero,zero,,4,0.4233,global zero initialization
phase0_global,2f,zero,zero,,8,0.7325,global zero initialization
phase0_global,2f,stale_k2,stale,,1,0.1249,uses z_{t-2}
phase0_global,2f,stale_k2,stale,,2,0.3698,uses z_{t-2}
phase0_global,2f,stale_k2,stale,,4,0.6327,uses z_{t-2}
phase0_global,2f,stale_k2,stale,,8,0.7663,uses z_{t-2}
phase0_global,2f,previous,previous,,1,0.2349,original StreamDEQ warm-start
phase0_global,2f,previous,previous,,2,0.5402,original StreamDEQ warm-start
phase0_global,2f,previous,previous,,4,0.6962,original StreamDEQ warm-start
phase0_global,2f,previous,previous,,8,0.7827,original StreamDEQ warm-start
phase0_global,5f,zero,zero,,1,0.0218,global zero initialization
phase0_global,5f,zero,zero,,2,0.1065,global zero initialization
phase0_global,5f,zero,zero,,4,0.4233,global zero initialization
phase0_global,5f,zero,zero,,8,0.7325,global zero initialization
phase0_global,5f,stale_k2,stale,,1,0.3121,uses z_{t-2}
phase0_global,5f,stale_k2,stale,,2,0.5040,uses z_{t-2}
phase0_global,5f,stale_k2,stale,,4,0.6660,uses z_{t-2}
phase0_global,5f,stale_k2,stale,,8,0.7727,uses z_{t-2}
phase0_global,5f,previous,previous,,1,0.4274,original StreamDEQ warm-start
phase0_global,5f,previous,previous,,2,0.5719,original StreamDEQ warm-start
phase0_global,5f,previous,previous,,4,0.7187,original StreamDEQ warm-start
phase0_global,5f,previous,previous,,8,0.7826,original StreamDEQ warm-start
phase1_leave_one_scale,2f,drop_scale0_previous,partial,drop_scale0_previous,1,0.2439,1i YAML uses equivalent scale1_scale2_scale3_previous
phase1_leave_one_scale,2f,drop_scale0_previous,partial,drop_scale0_previous,2,0.5195,
phase1_leave_one_scale,2f,drop_scale0_previous,partial,drop_scale0_previous,4,0.6874,
phase1_leave_one_scale,2f,drop_scale0_previous,partial,drop_scale0_previous,8,0.7790,
phase1_leave_one_scale,2f,drop_scale1_previous,partial,drop_scale1_previous,1,0.1189,
phase1_leave_one_scale,2f,drop_scale1_previous,partial,drop_scale1_previous,2,0.3445,
phase1_leave_one_scale,2f,drop_scale1_previous,partial,drop_scale1_previous,4,0.5979,
phase1_leave_one_scale,2f,drop_scale1_previous,partial,drop_scale1_previous,8,0.7690,
phase1_leave_one_scale,2f,drop_scale2_previous,partial,drop_scale2_previous,1,0.1396,
phase1_leave_one_scale,2f,drop_scale2_previous,partial,drop_scale2_previous,2,0.4214,
phase1_leave_one_scale,2f,drop_scale2_previous,partial,drop_scale2_previous,4,0.6494,
phase1_leave_one_scale,2f,drop_scale3_previous,partial,drop_scale3_previous,1,0.1413,
phase1_leave_one_scale,2f,drop_scale3_previous,partial,drop_scale3_previous,2,0.3951,
phase1_leave_one_scale,2f,drop_scale3_previous,partial,drop_scale3_previous,4,0.6607,
phase1_leave_one_scale,5f,drop_scale0_previous,partial,drop_scale0_previous,1,0.3940,
phase1_leave_one_scale,5f,drop_scale0_previous,partial,drop_scale0_previous,2,0.5812,
phase1_leave_one_scale,5f,drop_scale0_previous,partial,drop_scale0_previous,4,0.7029,
phase1_leave_one_scale,5f,drop_scale1_previous,partial,drop_scale1_previous,1,0.1009,
phase1_leave_one_scale,5f,drop_scale1_previous,partial,drop_scale1_previous,2,0.3924,
phase1_leave_one_scale,5f,drop_scale1_previous,partial,drop_scale1_previous,4,0.6287,
phase1_two_scale,2f,scale0_scale1_previous,partial,scale0_scale1_previous,1,0.0966,YAML uses fine_previous_coarse_zero
phase1_two_scale,2f,scale0_scale1_previous,partial,scale0_scale1_previous,2,0.2665,YAML uses fine_previous_coarse_zero
phase1_two_scale,2f,scale0_scale2_previous,partial,scale0_scale2_previous,1,0.0217,
phase1_two_scale,2f,scale0_scale2_previous,partial,scale0_scale2_previous,2,0.2129,
phase1_two_scale,2f,scale0_scale3_previous,partial,scale0_scale3_previous,1,0.0628,
phase1_two_scale,2f,scale0_scale3_previous,partial,scale0_scale3_previous,2,0.2067,
phase1_two_scale,2f,scale1_scale2_previous,partial,scale1_scale2_previous,1,0.1369,
phase1_two_scale,2f,scale1_scale2_previous,partial,scale1_scale2_previous,2,0.3769,
phase1_two_scale,2f,scale1_scale3_previous,partial,scale1_scale3_previous,1,0.1482,
phase1_two_scale,2f,scale1_scale3_previous,partial,scale1_scale3_previous,2,0.3959,
phase1_two_scale,2f,scale2_scale3_previous,partial,scale2_scale3_previous,1,0.1245,YAML uses coarse_previous_fine_zero
phase1_two_scale,2f,scale2_scale3_previous,partial,scale2_scale3_previous,2,0.3065,YAML uses coarse_previous_fine_zero
phase0_global,1f,previous,previous,,1,0.1280,"full_sweep_runner, 5.5 min"
phase0_global,1f,zero,zero,,1,0.0218,"full_sweep_runner, 5.5 min"
phase0_global,1f,stale_k2,stale,,1,0.1280,"full_sweep_runner, 5.5 min"
phase1_three_scale,2f,only_scale0_previous,partial,only_high_resolution_previous,1,0.0202,"full_sweep_runner, 7.4 min"
phase1_leave_one_scale,1f,drop_scale0_previous,partial,drop_scale0_previous,1,0.1288,"full_sweep_runner, 5.6 min"
phase1_leave_one_scale,1f,drop_scale1_previous,partial,drop_scale1_previous,1,0.0585,"full_sweep_runner, 5.6 min"
phase1_three_scale,2f,only_scale1_previous,partial,only_scale1_previous,1,0.0950,"full_sweep_runner, 7.4 min"
phase1_leave_one_scale,1f,drop_scale2_previous,partial,drop_scale2_previous,1,0.0893,"full_sweep_runner, 5.6 min"
phase1_three_scale,2f,only_scale2_previous,partial,only_scale2_previous,1,0.0249,"full_sweep_runner, 7.4 min"
phase1_leave_one_scale,1f,drop_scale3_previous,partial,drop_scale3_previous,1,0.1060,"full_sweep_runner, 5.9 min"
phase1_three_scale,2f,only_scale3_previous,partial,only_low_resolution_previous,1,0.0683,"full_sweep_runner, 8.3 min"
phase1_two_scale,1f,scale0_scale1_previous,partial,fine_previous_coarse_zero,1,0.0938,"full_sweep_runner, 7.9 min"
phase1_two_scale,1f,scale0_scale2_previous,partial,scale0_scale2_previous,1,0.0313,"full_sweep_runner, 7.9 min"
phase1_three_scale,2f,only_scale0_previous,partial,only_high_resolution_previous,2,0.1071,"full_sweep_runner, 14.6 min"
phase1_leave_one_scale,5f,drop_scale2_previous,partial,drop_scale2_previous,1,0.1658,"full_sweep_runner, 18.5 min"
phase1_two_scale,1f,scale0_scale3_previous,partial,scale0_scale3_previous,1,0.0342,"full_sweep_runner, 7.8 min"
phase0_global,10f,previous,previous,,1,0.4491,"full_sweep_runner, 30.3 min"
phase1_two_scale,1f,scale1_scale2_previous,partial,scale1_scale2_previous,1,0.1051,"full_sweep_runner, 7.8 min"
phase1_three_scale,2f,only_scale1_previous,partial,only_scale1_previous,2,0.2489,"full_sweep_runner, 14.4 min"
phase1_two_scale,1f,scale1_scale3_previous,partial,scale1_scale3_previous,1,0.0927,"full_sweep_runner, 8.0 min"
phase1_leave_one_scale,5f,drop_scale3_previous,partial,drop_scale3_previous,1,0.1605,"full_sweep_runner, 18.6 min"
phase1_two_scale,1f,scale2_scale3_previous,partial,coarse_previous_fine_zero,1,0.0613,"full_sweep_runner, 7.9 min"
phase1_three_scale,2f,only_scale2_previous,partial,only_scale2_previous,2,0.1954,"full_sweep_runner, 14.3 min"
phase1_three_scale,1f,only_scale0_previous,partial,only_high_resolution_previous,1,0.0204,"full_sweep_runner, 8.0 min"
phase1_two_scale,5f,scale0_scale1_previous,partial,fine_previous_coarse_zero,1,0.0954,"full_sweep_runner, 18.3 min"
phase0_global,10f,zero,zero,,1,0.0218,"full_sweep_runner, 31.3 min"
phase1_three_scale,1f,only_scale1_previous,partial,only_scale1_previous,1,0.0958,"full_sweep_runner, 8.0 min"
phase1_three_scale,2f,only_scale3_previous,partial,only_low_resolution_previous,2,0.1913,"full_sweep_runner, 14.2 min"
phase1_three_scale,1f,only_scale2_previous,partial,only_scale2_previous,1,0.0384,"full_sweep_runner, 8.1 min"
phase1_two_scale,5f,scale0_scale2_previous,partial,scale0_scale2_previous,1,0.0239,"full_sweep_runner, 18.8 min"
phase1_three_scale,1f,only_scale3_previous,partial,only_low_resolution_previous,1,0.0366,"full_sweep_runner, 8.0 min"
phase1_two_scale,2f,scale0_scale1_previous,partial,fine_previous_coarse_zero,4,0.5779,"full_sweep_runner, 22.3 min"
phase0_global,1f,previous,previous,,2,0.3956,"full_sweep_runner, 10.4 min"
phase0_global,10f,stale_k2,stale,,1,0.3594,"full_sweep_runner, 30.5 min"
phase1_two_scale,5f,scale0_scale3_previous,partial,scale0_scale3_previous,1,0.0522,"full_sweep_runner, 19.0 min"
phase0_global,1f,zero,zero,,2,0.1065,"full_sweep_runner, 10.7 min"
phase1_two_scale,2f,scale0_scale2_previous,partial,scale0_scale2_previous,4,0.5330,"full_sweep_runner, 22.3 min"
phase0_global,1f,stale_k2,stale,,2,0.3956,"full_sweep_runner, 10.5 min"
phase1_two_scale,5f,scale1_scale2_previous,partial,scale1_scale2_previous,1,0.1493,"full_sweep_runner, 19.2 min"
phase1_leave_one_scale,1f,drop_scale0_previous,partial,drop_scale0_previous,2,0.3817,"full_sweep_runner, 10.5 min"
phase1_leave_one_scale,10f,drop_scale0_previous,partial,drop_scale0_previous,1,0.4109,"full_sweep_runner, 31.5 min"
phase1_two_scale,2f,scale0_scale3_previous,partial,scale0_scale3_previous,4,0.5043,"full_sweep_runner, 22.5 min"
phase1_leave_one_scale,1f,drop_scale1_previous,partial,drop_scale1_previous,2,0.2958,"full_sweep_runner, 10.4 min"
phase1_two_scale,5f,scale1_scale3_previous,partial,scale1_scale3_previous,1,0.1721,"full_sweep_runner, 19.1 min"
phase1_leave_one_scale,1f,drop_scale2_previous,partial,drop_scale2_previous,2,0.3249,"full_sweep_runner, 10.5 min"
phase1_leave_one_scale,1f,drop_scale3_previous,partial,drop_scale3_previous,2,0.2822,"full_sweep_runner, 10.6 min"
phase1_two_scale,2f,scale1_scale2_previous,partial,scale1_scale2_previous,4,0.6463,"full_sweep_runner, 22.7 min"
phase1_two_scale,5f,scale2_scale3_previous,partial,coarse_previous_fine_zero,1,0.0916,"full_sweep_runner, 19.4 min"
phase1_leave_one_scale,10f,drop_scale1_previous,partial,drop_scale1_previous,1,0.1029,"full_sweep_runner, 31.1 min"
phase1_two_scale,1f,scale0_scale1_previous,partial,fine_previous_coarse_zero,2,0.2204,"full_sweep_runner, 10.4 min"
phase1_three_scale,5f,only_scale0_previous,partial,only_high_resolution_previous,1,0.0203,"full_sweep_runner, 19.2 min"
phase1_two_scale,1f,scale0_scale2_previous,partial,scale0_scale2_previous,2,0.1729,"full_sweep_runner, 10.6 min"
phase1_two_scale,2f,scale1_scale3_previous,partial,scale1_scale3_previous,4,0.6329,"full_sweep_runner, 22.4 min"
phase1_two_scale,1f,scale0_scale3_previous,partial,scale0_scale3_previous,2,0.2210,"full_sweep_runner, 10.5 min"
phase1_leave_one_scale,10f,drop_scale2_previous,partial,drop_scale2_previous,1,0.1571,"full_sweep_runner, 31.3 min"
phase1_three_scale,5f,only_scale1_previous,partial,only_scale1_previous,1,0.0946,"full_sweep_runner, 19.1 min"
phase1_two_scale,1f,scale1_scale2_previous,partial,scale1_scale2_previous,2,0.2747,"full_sweep_runner, 10.5 min"
phase1_two_scale,2f,scale2_scale3_previous,partial,coarse_previous_fine_zero,4,0.5692,"full_sweep_runner, 22.4 min"
phase1_two_scale,1f,scale1_scale3_previous,partial,scale1_scale3_previous,2,0.3130,"full_sweep_runner, 10.9 min"
phase1_three_scale,5f,only_scale2_previous,partial,only_scale2_previous,1,0.0279,"full_sweep_runner, 19.5 min"
phase1_leave_one_scale,10f,drop_scale3_previous,partial,drop_scale3_previous,1,0.1652,"full_sweep_runner, 31.5 min"
phase1_two_scale,1f,scale2_scale3_previous,partial,coarse_previous_fine_zero,2,0.2883,"full_sweep_runner, 10.7 min"
phase1_three_scale,2f,only_scale0_previous,partial,only_high_resolution_previous,4,0.4403,"full_sweep_runner, 22.7 min"
phase1_three_scale,1f,only_scale0_previous,partial,only_high_resolution_previous,2,0.1030,"full_sweep_runner, 10.7 min"
phase1_three_scale,5f,only_scale3_previous,partial,only_low_resolution_previous,1,0.0589,"full_sweep_runner, 19.3 min"
phase1_three_scale,1f,only_scale1_previous,partial,only_scale1_previous,2,0.2194,"full_sweep_runner, 10.5 min"
phase1_three_scale,2f,only_scale1_previous,partial,only_scale1_previous,4,0.5594,"full_sweep_runner, 22.5 min"
phase1_two_scale,10f,scale0_scale1_previous,partial,fine_previous_coarse_zero,1,0.0956,"full_sweep_runner, 31.2 min"
phase1_three_scale,1f,only_scale2_previous,partial,only_scale2_previous,2,0.1715,"full_sweep_runner, 10.6 min"
phase1_leave_one_scale,5f,drop_scale2_previous,partial,drop_scale2_previous,2,0.4570,"full_sweep_runner, 26.6 min"
phase1_three_scale,1f,only_scale3_previous,partial,only_low_resolution_previous,2,0.2147,"full_sweep_runner, 10.7 min"
phase1_three_scale,2f,only_scale2_previous,partial,only_scale2_previous,4,0.5037,"full_sweep_runner, 22.5 min"
phase0_global,1f,previous,previous,,4,0.6694,"full_sweep_runner, 16.0 min"
phase1_two_scale,10f,scale0_scale2_previous,partial,scale0_scale2_previous,1,0.0243,"full_sweep_runner, 32.1 min"
phase1_leave_one_scale,5f,drop_scale3_previous,partial,drop_scale3_previous,2,0.4430,"full_sweep_runner, 26.6 min"
phase1_three_scale,2f,only_scale3_previous,partial,only_low_resolution_previous,4,0.4717,"full_sweep_runner, 22.5 min"
phase0_global,1f,zero,zero,,4,0.4233,"full_sweep_runner, 15.9 min"
phase0_global,1f,stale_k2,stale,,4,0.6694,"full_sweep_runner, 15.9 min"
phase1_two_scale,5f,scale0_scale1_previous,partial,fine_previous_coarse_zero,2,0.2610,"full_sweep_runner, 27.1 min"
phase1_two_scale,10f,scale0_scale3_previous,partial,scale0_scale3_previous,1,0.0534,"full_sweep_runner, 32.9 min"
phase1_leave_one_scale,1f,drop_scale0_previous,partial,drop_scale0_previous,4,0.6597,"full_sweep_runner, 16.2 min"
phase1_leave_one_scale,2f,drop_scale2_previous,partial,drop_scale2_previous,8,0.7775,"full_sweep_runner, 39.4 min"
phase1_two_scale,5f,scale0_scale2_previous,partial,scale0_scale2_previous,2,0.2371,"full_sweep_runner, 27.3 min"
phase1_leave_one_scale,1f,drop_scale1_previous,partial,drop_scale1_previous,4,0.5701,"full_sweep_runner, 16.3 min"
phase1_two_scale,10f,scale1_scale2_previous,partial,scale1_scale2_previous,1,0.1518,"full_sweep_runner, 33.0 min"
phase1_leave_one_scale,1f,drop_scale2_previous,partial,drop_scale2_previous,4,0.6265,"full_sweep_runner, 16.2 min"
phase1_two_scale,5f,scale0_scale3_previous,partial,scale0_scale3_previous,2,0.2129,"full_sweep_runner, 27.8 min"
phase1_leave_one_scale,2f,drop_scale3_previous,partial,drop_scale3_previous,8,0.7727,"full_sweep_runner, 39.5 min"
phase1_leave_one_scale,1f,drop_scale3_previous,partial,drop_scale3_previous,4,0.6415,"full_sweep_runner, 16.3 min"
phase1_two_scale,10f,scale1_scale3_previous,partial,scale1_scale3_previous,1,0.1628,"full_sweep_runner, 32.5 min"
phase1_two_scale,1f,scale0_scale1_previous,partial,fine_previous_coarse_zero,4,0.5655,"full_sweep_runner, 16.0 min"
phase1_two_scale,5f,scale1_scale2_previous,partial,scale1_scale2_previous,2,0.4256,"full_sweep_runner, 27.4 min"
phase1_two_scale,1f,scale0_scale2_previous,partial,scale0_scale2_previous,4,0.5259,"full_sweep_runner, 16.1 min"
phase1_two_scale,2f,scale0_scale1_previous,partial,fine_previous_coarse_zero,8,0.7570,"full_sweep_runner, 39.9 min"
phase1_two_scale,10f,scale2_scale3_previous,partial,coarse_previous_fine_zero,1,0.0926,"full_sweep_runner, 32.6 min"
phase1_two_scale,1f,scale0_scale3_previous,partial,scale0_scale3_previous,4,0.4938,"full_sweep_runner, 16.2 min"
phase1_two_scale,5f,scale1_scale3_previous,partial,scale1_scale3_previous,2,0.4335,"full_sweep_runner, 27.4 min"
phase1_two_scale,1f,scale1_scale2_previous,partial,scale1_scale2_previous,4,0.6293,"full_sweep_runner, 16.1 min"
phase1_three_scale,10f,only_scale0_previous,partial,only_high_resolution_previous,1,0.0203,"full_sweep_runner, 32.5 min"
phase1_two_scale,2f,scale0_scale2_previous,partial,scale0_scale2_previous,8,0.7538,"full_sweep_runner, 39.5 min"
phase1_two_scale,5f,scale2_scale3_previous,partial,coarse_previous_fine_zero,2,0.3293,"full_sweep_runner, 27.6 min"
phase1_two_scale,1f,scale1_scale3_previous,partial,scale1_scale3_previous,4,0.6129,"full_sweep_runner, 16.3 min"
phase1_two_scale,1f,scale2_scale3_previous,partial,coarse_previous_fine_zero,4,0.5409,"full_sweep_runner, 16.4 min"
phase1_three_scale,5f,only_scale0_previous,partial,only_high_resolution_previous,2,0.1056,"full_sweep_runner, 27.5 min"
phase1_three_scale,10f,only_scale1_previous,partial,only_scale1_previous,1,0.0946,"full_sweep_runner, 33.2 min"
phase1_three_scale,1f,only_scale0_previous,partial,only_high_resolution_previous,4,0.4385,"full_sweep_runner, 16.3 min"
phase1_two_scale,2f,scale0_scale3_previous,partial,scale0_scale3_previous,8,0.7540,"full_sweep_runner, 39.5 min"
phase1_three_scale,1f,only_scale1_previous,partial,only_scale1_previous,4,0.5515,"full_sweep_runner, 16.2 min"
phase1_three_scale,5f,only_scale1_previous,partial,only_scale1_previous,2,0.2502,"full_sweep_runner, 27.6 min"
phase1_three_scale,10f,only_scale2_previous,partial,only_scale2_previous,1,0.0283,"full_sweep_runner, 32.9 min"
phase1_three_scale,1f,only_scale2_previous,partial,only_scale2_previous,4,0.4973,"full_sweep_runner, 16.3 min"
phase1_two_scale,2f,scale1_scale2_previous,partial,scale1_scale2_previous,8,0.7705,"full_sweep_runner, 39.7 min"
phase1_three_scale,5f,only_scale2_previous,partial,only_scale2_previous,2,0.2064,"full_sweep_runner, 27.5 min"
phase1_three_scale,1f,only_scale3_previous,partial,only_low_resolution_previous,4,0.4676,"full_sweep_runner, 16.4 min"
phase1_three_scale,10f,only_scale3_previous,partial,only_low_resolution_previous,1,0.0610,"full_sweep_runner, 33.1 min"
phase1_three_scale,5f,only_scale3_previous,partial,only_low_resolution_previous,2,0.1905,"full_sweep_runner, 27.5 min"
phase0_global,1f,previous,previous,,8,0.7778,"full_sweep_runner, 27.6 min"
phase1_two_scale,2f,scale1_scale3_previous,partial,scale1_scale3_previous,8,0.7732,"full_sweep_runner, 39.5 min"
phase0_global,1f,zero,zero,,8,0.7325,"full_sweep_runner, 27.3 min"
phase0_global,10f,previous,previous,,2,0.5795,"full_sweep_runner, 47.4 min"
phase1_leave_one_scale,5f,drop_scale2_previous,partial,drop_scale2_previous,4,0.6659,"full_sweep_runner, 43.8 min"
phase1_two_scale,2f,scale2_scale3_previous,partial,coarse_previous_fine_zero,8,0.7595,"full_sweep_runner, 40.0 min"
phase0_global,1f,stale_k2,stale,,8,0.7778,"full_sweep_runner, 27.4 min"
phase0_global,10f,zero,zero,,2,0.1065,"full_sweep_runner, 48.5 min"
phase1_leave_one_scale,1f,drop_scale0_previous,partial,drop_scale0_previous,8,0.7742,"full_sweep_runner, 27.5 min"
phase1_leave_one_scale,5f,drop_scale3_previous,partial,drop_scale3_previous,4,0.6688,"full_sweep_runner, 43.7 min"
phase1_three_scale,2f,only_scale0_previous,partial,only_high_resolution_previous,8,0.7355,"full_sweep_runner, 40.6 min"
phase1_leave_one_scale,1f,drop_scale1_previous,partial,drop_scale1_previous,8,0.7659,"full_sweep_runner, 27.6 min"
phase0_global,10f,stale_k2,stale,,2,0.5097,"full_sweep_runner, 47.4 min"
phase1_three_scale,2f,only_scale1_previous,partial,only_scale1_previous,8,0.7552,"full_sweep_runner, 40.5 min"
phase1_two_scale,5f,scale0_scale1_previous,partial,fine_previous_coarse_zero,4,0.5780,"full_sweep_runner, 44.2 min"
phase1_leave_one_scale,1f,drop_scale2_previous,partial,drop_scale2_previous,8,0.7721,"full_sweep_runner, 27.5 min"
phase1_leave_one_scale,1f,drop_scale3_previous,partial,drop_scale3_previous,8,0.7685,"full_sweep_runner, 27.5 min"
phase1_three_scale,2f,only_scale2_previous,partial,only_scale2_previous,8,0.7460,"full_sweep_runner, 40.4 min"
phase1_leave_one_scale,10f,drop_scale0_previous,partial,drop_scale0_previous,2,0.5866,"full_sweep_runner, 48.3 min"
phase1_two_scale,5f,scale0_scale2_previous,partial,scale0_scale2_previous,4,0.5371,"full_sweep_runner, 44.7 min"
phase1_two_scale,1f,scale0_scale1_previous,partial,fine_previous_coarse_zero,8,0.7539,"full_sweep_runner, 27.3 min"
phase1_three_scale,2f,only_scale3_previous,partial,only_low_resolution_previous,8,0.7490,"full_sweep_runner, 40.1 min"
phase1_two_scale,5f,scale0_scale3_previous,partial,scale0_scale3_previous,4,0.5115,"full_sweep_runner, 39.8 min"
phase1_two_scale,1f,scale0_scale2_previous,partial,scale0_scale2_previous,8,0.7519,"full_sweep_runner, 27.5 min"
phase1_leave_one_scale,10f,drop_scale1_previous,partial,drop_scale1_previous,2,0.4071,"full_sweep_runner, 47.7 min"
phase1_two_scale,5f,scale1_scale2_previous,partial,scale1_scale2_previous,4,0.6520,"full_sweep_runner, 28.0 min"
phase1_two_scale,1f,scale0_scale3_previous,partial,scale0_scale3_previous,8,0.7531,"full_sweep_runner, 27.6 min"
phase1_leave_one_scale,10f,drop_scale2_previous,partial,drop_scale2_previous,2,0.4678,"full_sweep_runner, 47.4 min"
phase1_two_scale,5f,scale1_scale3_previous,partial,scale1_scale3_previous,4,0.6405,"full_sweep_runner, 28.0 min"
phase1_two_scale,1f,scale1_scale2_previous,partial,scale1_scale2_previous,8,0.7661,"full_sweep_runner, 27.4 min"
phase1_two_scale,5f,scale2_scale3_previous,partial,coarse_previous_fine_zero,4,0.5856,"full_sweep_runner, 27.9 min"
phase1_two_scale,1f,scale1_scale3_previous,partial,scale1_scale3_previous,8,0.7694,"full_sweep_runner, 27.6 min"
phase1_leave_one_scale,10f,drop_scale3_previous,partial,drop_scale3_previous,2,0.4484,"full_sweep_runner, 47.7 min"
phase1_three_scale,5f,only_scale0_previous,partial,only_high_resolution_previous,4,0.4400,"full_sweep_runner, 28.0 min"
phase1_two_scale,1f,scale2_scale3_previous,partial,coarse_previous_fine_zero,8,0.7576,"full_sweep_runner, 27.5 min"
phase1_three_scale,5f,only_scale1_previous,partial,only_scale1_previous,4,0.5616,"full_sweep_runner, 27.9 min"
phase1_three_scale,1f,only_scale0_previous,partial,only_high_resolution_previous,8,0.7354,"full_sweep_runner, 27.6 min"
phase1_two_scale,10f,scale0_scale1_previous,partial,fine_previous_coarse_zero,2,0.2687,"full_sweep_runner, 48.0 min"
phase1_three_scale,5f,only_scale2_previous,partial,only_scale2_previous,4,0.5053,"full_sweep_runner, 28.0 min"
phase1_three_scale,1f,only_scale1_previous,partial,only_scale1_previous,8,0.7526,"full_sweep_runner, 27.7 min"
phase1_three_scale,5f,only_scale3_previous,partial,only_low_resolution_previous,4,0.4773,"full_sweep_runner, 27.9 min"
phase1_two_scale,10f,scale0_scale2_previous,partial,scale0_scale2_previous,2,0.2363,"full_sweep_runner, 47.8 min"
phase1_three_scale,1f,only_scale2_previous,partial,only_scale2_previous,8,0.7448,"full_sweep_runner, 27.7 min"
phase1_three_scale,1f,only_scale3_previous,partial,only_low_resolution_previous,8,0.7491,"full_sweep_runner, 27.7 min"
phase1_two_scale,10f,scale0_scale3_previous,partial,scale0_scale3_previous,2,0.2174,"full_sweep_runner, 41.4 min"
phase1_leave_one_scale,5f,drop_scale0_previous,partial,drop_scale0_previous,8,0.7777,"full_sweep_runner, 48.7 min"
phase1_two_scale,10f,scale1_scale2_previous,partial,scale1_scale2_previous,2,0.4284,"full_sweep_runner, 30.5 min"
phase1_leave_one_scale,5f,drop_scale1_previous,partial,drop_scale1_previous,8,0.7701,"full_sweep_runner, 48.7 min"
phase1_two_scale,10f,scale1_scale3_previous,partial,scale1_scale3_previous,2,0.4454,"full_sweep_runner, 30.5 min"
phase1_two_scale,10f,scale2_scale3_previous,partial,coarse_previous_fine_zero,2,0.3319,"full_sweep_runner, 30.7 min"
phase1_leave_one_scale,5f,drop_scale2_previous,partial,drop_scale2_previous,8,0.7769,"full_sweep_runner, 48.6 min"
phase1_three_scale,10f,only_scale0_previous,partial,only_high_resolution_previous,2,0.1059,"full_sweep_runner, 30.3 min"
phase1_leave_one_scale,5f,drop_scale3_previous,partial,drop_scale3_previous,8,0.7729,"full_sweep_runner, 48.2 min"
phase1_three_scale,10f,only_scale1_previous,partial,only_scale1_previous,2,0.2510,"full_sweep_runner, 30.5 min"
phase1_three_scale,10f,only_scale2_previous,partial,only_scale2_previous,2,0.2049,"full_sweep_runner, 30.7 min"
phase1_two_scale,5f,scale0_scale1_previous,partial,fine_previous_coarse_zero,8,0.7567,"full_sweep_runner, 51.0 min"
phase1_three_scale,10f,only_scale3_previous,partial,only_low_resolution_previous,2,0.1937,"full_sweep_runner, 30.7 min"
phase0_global,20f,previous,previous,,1,0.4549,"full_sweep_runner, 60.4 min"
phase0_global,10f,previous,previous,,4,0.7106,"full_sweep_runner, 47.7 min"
phase1_two_scale,5f,scale0_scale2_previous,partial,scale0_scale2_previous,8,0.7547,"full_sweep_runner, 79.0 min"
phase0_global,10f,zero,zero,,4,0.4233,"full_sweep_runner, 49.0 min"
phase0_global,20f,zero,zero,,1,0.0218,"full_sweep_runner, 61.9 min"
phase0_global,10f,stale_k2,stale,,4,0.6712,"full_sweep_runner, 48.1 min"
phase1_two_scale,5f,scale0_scale3_previous,partial,scale0_scale3_previous,8,0.7539,"full_sweep_runner, 78.8 min"
phase0_global,20f,stale_k2,stale,,1,0.3780,"full_sweep_runner, 60.2 min"
phase1_leave_one_scale,10f,drop_scale0_previous,partial,drop_scale0_previous,4,0.7031,"full_sweep_runner, 48.3 min"
phase1_two_scale,5f,scale1_scale2_previous,partial,scale1_scale2_previous,8,0.7703,"full_sweep_runner, 78.6 min"
phase1_leave_one_scale,20f,drop_scale0_previous,partial,drop_scale0_previous,1,0.4074,"full_sweep_runner, 61.1 min"
phase1_leave_one_scale,10f,drop_scale1_previous,partial,drop_scale1_previous,4,0.6261,"full_sweep_runner, 48.4 min"
phase1_leave_one_scale,20f,drop_scale1_previous,partial,drop_scale1_previous,1,0.0910,"full_sweep_runner, 61.5 min"
phase1_leave_one_scale,10f,drop_scale2_previous,partial,drop_scale2_previous,4,0.6675,"full_sweep_runner, 49.4 min"
phase1_two_scale,5f,scale1_scale3_previous,partial,scale1_scale3_previous,8,0.7711,"full_sweep_runner, 79.8 min"
phase1_leave_one_scale,10f,drop_scale3_previous,partial,drop_scale3_previous,4,0.6657,"full_sweep_runner, 49.7 min"
phase1_leave_one_scale,20f,drop_scale2_previous,partial,drop_scale2_previous,1,0.1567,"full_sweep_runner, 60.9 min"
phase1_two_scale,5f,scale2_scale3_previous,partial,coarse_previous_fine_zero,8,0.7596,"full_sweep_runner, 79.4 min"
phase1_two_scale,10f,scale0_scale1_previous,partial,fine_previous_coarse_zero,4,0.5784,"full_sweep_runner, 49.5 min"
phase1_leave_one_scale,20f,drop_scale3_previous,partial,drop_scale3_previous,1,0.1632,"full_sweep_runner, 60.2 min"
phase1_two_scale,10f,scale0_scale2_previous,partial,scale0_scale2_previous,4,0.5365,"full_sweep_runner, 49.7 min"
phase1_three_scale,5f,only_scale0_previous,partial,only_high_resolution_previous,8,0.7359,"full_sweep_runner, 81.8 min"
phase1_two_scale,20f,scale0_scale1_previous,partial,fine_previous_coarse_zero,1,0.0953,"full_sweep_runner, 62.0 min"
phase1_two_scale,10f,scale0_scale3_previous,partial,scale0_scale3_previous,4,0.5125,"full_sweep_runner, 49.6 min"
phase1_two_scale,20f,scale0_scale2_previous,partial,scale0_scale2_previous,1,0.0244,"full_sweep_runner, 60.9 min"
phase1_two_scale,10f,scale1_scale2_previous,partial,scale1_scale2_previous,4,0.6522,"full_sweep_runner, 49.8 min"
phase1_three_scale,5f,only_scale1_previous,partial,only_scale1_previous,8,0.7552,"full_sweep_runner, 80.9 min"
phase1_two_scale,10f,scale1_scale3_previous,partial,scale1_scale3_previous,4,0.6424,"full_sweep_runner, 49.7 min"
phase1_two_scale,20f,scale0_scale3_previous,partial,scale0_scale3_previous,1,0.0474,"full_sweep_runner, 61.0 min"
phase1_three_scale,5f,only_scale2_previous,partial,only_scale2_previous,8,0.7468,"full_sweep_runner, 81.0 min"
phase1_two_scale,10f,scale2_scale3_previous,partial,coarse_previous_fine_zero,4,0.5843,"full_sweep_runner, 49.9 min"
phase1_two_scale,20f,scale1_scale2_previous,partial,scale1_scale2_previous,1,0.1484,"full_sweep_runner, 60.9 min"
phase1_three_scale,10f,only_scale0_previous,partial,only_high_resolution_previous,4,0.4399,"full_sweep_runner, 49.7 min"
phase1_three_scale,5f,only_scale3_previous,partial,only_low_resolution_previous,8,0.7471,"full_sweep_runner, 81.0 min"
phase1_two_scale,20f,scale1_scale3_previous,partial,scale1_scale3_previous,1,0.1596,"full_sweep_runner, 59.3 min"
phase1_three_scale,10f,only_scale1_previous,partial,only_scale1_previous,4,0.5616,"full_sweep_runner, 50.0 min"
phase1_two_scale,20f,scale2_scale3_previous,partial,coarse_previous_fine_zero,1,0.0797,"full_sweep_runner, 39.2 min"
phase1_three_scale,10f,only_scale2_previous,partial,only_scale2_previous,4,0.5052,"full_sweep_runner, 50.5 min"
phase1_three_scale,20f,only_scale0_previous,partial,only_high_resolution_previous,1,0.0203,"full_sweep_runner, 38.5 min"
phase1_three_scale,20f,only_scale1_previous,partial,only_scale1_previous,1,0.0942,"full_sweep_runner, 38.6 min"
phase1_three_scale,10f,only_scale3_previous,partial,only_low_resolution_previous,4,0.4773,"full_sweep_runner, 50.4 min"
phase1_three_scale,20f,only_scale2_previous,partial,only_scale2_previous,1,0.0292,"full_sweep_runner, 38.8 min"
phase1_three_scale,20f,only_scale3_previous,partial,only_low_resolution_previous,1,0.0564,"full_sweep_runner, 38.6 min"
phase0_global,10f,previous,previous,,8,0.7808,"full_sweep_runner, 88.2 min"
phase0_global,20f,previous,previous,,2,0.5793,"full_sweep_runner, 53.8 min"
phase0_global,20f,zero,zero,,2,0.1065,"full_sweep_runner, 54.3 min"
phase0_global,10f,zero,zero,,8,0.7325,"full_sweep_runner, 88.3 min"
phase0_global,20f,stale_k2,stale,,2,0.5195,"full_sweep_runner, 53.8 min"
phase0_global,10f,stale_k2,stale,,8,0.7748,"full_sweep_runner, 87.8 min"
phase1_leave_one_scale,20f,drop_scale0_previous,partial,drop_scale0_previous,2,0.5875,"full_sweep_runner, 54.2 min"
phase1_leave_one_scale,20f,drop_scale1_previous,partial,drop_scale1_previous,2,0.4054,"full_sweep_runner, 53.9 min"
phase1_leave_one_scale,10f,drop_scale0_previous,partial,drop_scale0_previous,8,0.7786,"full_sweep_runner, 88.0 min"
phase1_leave_one_scale,20f,drop_scale2_previous,partial,drop_scale2_previous,2,0.4654,"full_sweep_runner, 53.9 min"
phase1_leave_one_scale,10f,drop_scale1_previous,partial,drop_scale1_previous,8,0.7699,"full_sweep_runner, 88.0 min"
phase1_leave_one_scale,20f,drop_scale3_previous,partial,drop_scale3_previous,2,0.4503,"full_sweep_runner, 53.9 min"
phase1_two_scale,20f,scale0_scale1_previous,partial,fine_previous_coarse_zero,2,0.2652,"full_sweep_runner, 53.9 min"
phase1_leave_one_scale,10f,drop_scale2_previous,partial,drop_scale2_previous,8,0.7744,"full_sweep_runner, 87.9 min"
phase1_two_scale,20f,scale0_scale2_previous,partial,scale0_scale2_previous,2,0.2379,"full_sweep_runner, 54.0 min"
phase1_two_scale,20f,scale0_scale3_previous,partial,scale0_scale3_previous,2,0.2205,"full_sweep_runner, 54.1 min"
phase1_leave_one_scale,10f,drop_scale3_previous,partial,drop_scale3_previous,8,0.7731,"full_sweep_runner, 87.8 min"
phase1_two_scale,20f,scale1_scale2_previous,partial,scale1_scale2_previous,2,0.4277,"full_sweep_runner, 53.7 min"
phase1_two_scale,10f,scale0_scale1_previous,partial,fine_previous_coarse_zero,8,0.7573,"full_sweep_runner, 87.8 min"
phase1_two_scale,20f,scale1_scale3_previous,partial,scale1_scale3_previous,2,0.4478,"full_sweep_runner, 54.1 min"
phase1_two_scale,20f,scale2_scale3_previous,partial,coarse_previous_fine_zero,2,0.3330,"full_sweep_runner, 53.4 min"
phase1_two_scale,10f,scale0_scale2_previous,partial,scale0_scale2_previous,8,0.7548,"full_sweep_runner, 86.4 min"
phase1_three_scale,20f,only_scale0_previous,partial,only_high_resolution_previous,2,0.1059,"full_sweep_runner, 53.4 min"
phase1_three_scale,20f,only_scale1_previous,partial,only_scale1_previous,2,0.2504,"full_sweep_runner, 54.1 min"
phase1_two_scale,10f,scale0_scale3_previous,partial,scale0_scale3_previous,8,0.7522,"full_sweep_runner, 87.6 min"
phase1_three_scale,20f,only_scale2_previous,partial,only_scale2_previous,2,0.2060,"full_sweep_runner, 54.3 min"
phase1_two_scale,10f,scale1_scale2_previous,partial,scale1_scale2_previous,8,0.7699,"full_sweep_runner, 89.7 min"
phase1_three_scale,20f,only_scale3_previous,partial,only_low_resolution_previous,2,0.1925,"full_sweep_runner, 53.6 min"
phase1_two_scale,10f,scale1_scale3_previous,partial,scale1_scale3_previous,8,0.7681,"full_sweep_runner, 89.5 min"
phase0_global,20f,previous,previous,,4,0.7161,"full_sweep_runner, 87.7 min"
phase1_two_scale,10f,scale2_scale3_previous,partial,coarse_previous_fine_zero,8,0.7609,"full_sweep_runner, 87.8 min"
phase0_global,20f,zero,zero,,4,0.4233,"full_sweep_runner, 88.6 min"
phase1_three_scale,10f,only_scale0_previous,partial,only_high_resolution_previous,8,0.7360,"full_sweep_runner, 88.0 min"
phase0_global,20f,stale_k2,stale,,4,0.6725,"full_sweep_runner, 87.8 min"
phase1_three_scale,10f,only_scale1_previous,partial,only_scale1_previous,8,0.7549,"full_sweep_runner, 87.1 min"
phase1_leave_one_scale,20f,drop_scale0_previous,partial,drop_scale0_previous,4,0.6994,"full_sweep_runner, 88.4 min"
phase1_three_scale,10f,only_scale2_previous,partial,only_scale2_previous,8,0.7467,"full_sweep_runner, 87.6 min"
phase1_leave_one_scale,20f,drop_scale1_previous,partial,drop_scale1_previous,4,0.6270,"full_sweep_runner, 87.7 min"
phase1_three_scale,10f,only_scale3_previous,partial,only_low_resolution_previous,8,0.7484,"full_sweep_runner, 88.2 min"
phase1_leave_one_scale,20f,drop_scale2_previous,partial,drop_scale2_previous,4,0.6689,"full_sweep_runner, 88.0 min"
phase1_leave_one_scale,20f,drop_scale3_previous,partial,drop_scale3_previous,4,0.6703,"full_sweep_runner, 87.2 min"
phase1_two_scale,20f,scale0_scale1_previous,partial,fine_previous_coarse_zero,4,0.5780,"full_sweep_runner, 87.2 min"
phase1_two_scale,20f,scale0_scale2_previous,partial,scale0_scale2_previous,4,0.5367,"full_sweep_runner, 87.2 min"
phase1_two_scale,20f,scale0_scale3_previous,partial,scale0_scale3_previous,4,0.5080,"full_sweep_runner, 87.4 min"
phase1_two_scale,20f,scale1_scale2_previous,partial,scale1_scale2_previous,4,0.6524,"full_sweep_runner, 87.3 min"
phase1_two_scale,20f,scale1_scale3_previous,partial,scale1_scale3_previous,4,0.6431,"full_sweep_runner, 87.1 min"
phase1_two_scale,20f,scale2_scale3_previous,partial,coarse_previous_fine_zero,4,0.5825,"full_sweep_runner, 84.5 min"
phase1_three_scale,20f,only_scale0_previous,partial,only_high_resolution_previous,4,0.4400,"full_sweep_runner, 84.3 min"
phase1_three_scale,20f,only_scale1_previous,partial,only_scale1_previous,4,0.5613,"full_sweep_runner, 84.6 min"
phase1_three_scale,20f,only_scale2_previous,partial,only_scale2_previous,4,0.5052,"full_sweep_runner, 85.0 min"
phase1_three_scale,20f,only_scale3_previous,partial,only_low_resolution_previous,4,0.4772,"full_sweep_runner, 85.7 min"
phase0_global,20f,previous,previous,,8,0.7817,"full_sweep_runner, 159.2 min"
phase0_global,20f,zero,zero,,8,0.7325,"full_sweep_runner, 155.5 min"
phase0_global,20f,stale_k2,stale,,8,0.7752,"full_sweep_runner, 155.1 min"
phase1_leave_one_scale,20f,drop_scale0_previous,partial,drop_scale0_previous,8,0.7795,"full_sweep_runner, 155.5 min"
phase1_leave_one_scale,20f,drop_scale1_previous,partial,drop_scale1_previous,8,0.7687,"full_sweep_runner, 153.7 min"
phase1_leave_one_scale,20f,drop_scale2_previous,partial,drop_scale2_previous,8,0.7762,"full_sweep_runner, 154.0 min"
phase1_leave_one_scale,20f,drop_scale3_previous,partial,drop_scale3_previous,8,0.7728,"full_sweep_runner, 152.9 min"
phase1_two_scale,20f,scale0_scale1_previous,partial,fine_previous_coarse_zero,8,0.7569,"full_sweep_runner, 152.4 min"
phase1_two_scale,20f,scale0_scale2_previous,partial,scale0_scale2_previous,8,0.7551,"full_sweep_runner, 153.0 min"
phase1_two_scale,20f,scale0_scale3_previous,partial,scale0_scale3_previous,8,0.7530,"full_sweep_runner, 156.1 min"
phase1_two_scale,20f,scale1_scale2_previous,partial,scale1_scale2_previous,8,0.7696,"full_sweep_runner, 155.5 min"
phase1_two_scale,20f,scale1_scale3_previous,partial,scale1_scale3_previous,8,0.7678,"full_sweep_runner, 156.4 min"
phase1_two_scale,20f,scale2_scale3_previous,partial,coarse_previous_fine_zero,8,0.7586,"full_sweep_runner, 156.7 min"
phase1_three_scale,20f,only_scale0_previous,partial,only_high_resolution_previous,8,0.7361,"full_sweep_runner, 156.7 min"
phase1_three_scale,20f,only_scale1_previous,partial,only_scale1_previous,8,0.7547,"full_sweep_runner, 156.5 min"
phase1_three_scale,20f,only_scale2_previous,partial,only_scale2_previous,8,0.7467,"full_sweep_runner, 156.3 min"
phase1_three_scale,20f,only_scale3_previous,partial,only_low_resolution_previous,8,0.7457,"full_sweep_runner, 154.9 min"
